Report_Date,Client_No,Com_Type,Exch_Cd,Com_cd,Contract_Month,Strike_Price,Call_Put,Val_Date,Trade_Date,Buy_Sell,Traded_Qty,Traded_Price,Traded_Premium,Unrealised_pl_value,Nett_Option_Value,Cumulative_Swap,Settlement_Price,Settle_Curr_Cd,Org_Val_Date,User_Id,Tick_Value,CQ_Ord_No,Swap_Pt
20260518,XOB8083,F,COMEX,MGC,Jun 26 ,,,,20260518,B,2,4545.20,,256.00,0.00,,4558,USD,,SMCTFEX_IFSC,10.00000,20260518F054111001,
20260518,XOB8083,F,COMEX,MGC,Jun 26 ,,,,20260518,B,1,4545.40,,126.00,0.00,,4558,USD,,SMCTFEX_IFSC,10.00000,20260518F054103001,
20260518,XOB8083,F,COMEX,MGC,Jun 26 ,,,,20260518,B,2,4545.60,,248.00,0.00,,4558,USD,,SMCTFEX_IFSC,10.00000,20260518F054110001,
20260518,XOB8083,F,COMEX,MGC,Jun 26 ,,,,20260518,B,1,4546.00,,120.00,0.00,,4558,USD,,SMCTFEX_IFSC,10.00000,20260518F054105001,
20260518,XOB8083,F,COMEX,MGC,Jun 26 ,,,,20260518,B,1,4546.50,,115.00,0.00,,4558,USD,,SMCTFEX_IFSC,10.00000,20260518F054102001,
20260518,XOB8083,F,COMEX,MGC,Jun 26 ,,,,20260518,B,2,4550.10,,158.00,0.00,,4558,USD,,SMCTFEX_IFSC,10.00000,20260518F054109001,
20260518,XOB8083,F,COMEX,MGC,Jun 26 ,,,,20260518,B,2,4552.40,,112.00,0.00,,4558,USD,,SMCTFEX_IFSC,10.00000,20260518F054112001,
20260518,XOB8083,F,COMEX,MGC,Jun 26 ,,,,20260518,B,1,4552.50,,55.00,0.00,,4558,USD,,SMCTFEX_IFSC,10.00000,20260518F054106001,
20260518,XOB8083,F,COMEX,MGC,Jun 26 ,,,,20260518,B,1,4552.50,,55.00,0.00,,4558,USD,,SMCTFEX_IFSC,10.00000,20260518F054107001,
20260518,XOB8083,F,COMEX,MGC,Jun 26 ,,,,20260518,B,2,4554.40,,72.00,0.00,,4558,USD,,SMCTFEX_IFSC,10.00000,20260518F054108001,
20260518,XOB8083,F,COMEX,MGC,Jun 26 ,,,,20260518,B,1,4565.10,,-71.00,0.00,,4558,USD,,SMCTFEX_IFSC,10.00000,20260518F054101001,
20260518,XOB8083,F,COMEX,MGC,Jun 26 ,,,,20260518,B,1,4574.10,,-161.00,0.00,,4558,USD,,SMCTFEX_IFSC,10.00000,20260518F054075001,
20260518,XOB8083,F,COMEX,MGC,Jun 26 ,,,,20260514,B,1,4687.20,,-1292.00,0.00,,4558,USD,,SMCTFEX_IFSC,10.00000,20260514F057905001,
20260518,XOB8083,F,COMEX,SIL,Jul 26 ,,,,20260515,B,1,77.140,,304.00,0.00,,77.444,USD,,SMCTFEX_IFSC,1000.00000,20260515F055677001,
20260518,XOB8083,F,COMEX,SIL,Jul 26 ,,,,20260515,B,1,77.400,,44.00,0.00,,77.444,USD,,SMCTFEX_IFSC,1000.00000,20260515F055680001,
20260518,XOB8083,F,COMEX,SIL,Jul 26 ,,,,20260515,B,1,77.415,,29.00,0.00,,77.444,USD,,SMCTFEX_IFSC,1000.00000,20260515F055679001,
20260518,XOB8083,F,COMEX,SIL,Jul 26 ,,,,20260514,B,1,84.670,,-7226.00,0.00,,77.444,USD,,SMCTFEX_IFSC,1000.00000,20260514F057921001,
20260518,XOB8083,F,COMEX,SIL,Jul 26 ,,,,20260514,B,1,84.710,,-7266.00,0.00,,77.444,USD,,SMCTFEX_IFSC,1000.00000,20260514F057922001,
20260518,XOB8083,F,COMEX,SIL,Jul 26 ,,,,20260514,B,1,84.850,,-7406.00,0.00,,77.444,USD,,SMCTFEX_IFSC,1000.00000,20260514F057923001,
20260518,XOB8083,F,COMEX,SIL,Jul 26 ,,,,20260514,B,1,87.650,,-10206.00,0.00,,77.444,USD,,SMCTFEX_IFSC,1000.00000,20260514F057912001,
20260518,XOB8083,F,COMEX,SIL,Jul 26 ,,,,20260514,B,1,87.845,,-10401.00,0.00,,77.444,USD,,SMCTFEX_IFSC,1000.00000,20260514F057913001,
20260518,XOB8083,F,COMEX,SIL,Sep 26 ,,,,20260514,B,1,85.975,,-7970.00,0.00,,78.005,USD,,SMCTFEX_IFSC,1000.00000,20260514F057919001,
20260518,XOB8083,F,COMEX,SIL,Sep 26 ,,,,20260514,B,1,86.000,,-7995.00,0.00,,78.005,USD,,SMCTFEX_IFSC,1000.00000,20260514F057920001,
20260518,XOB8083,F,COMEX,SIL,Sep 26 ,,,,20260514,B,1,86.025,,-8020.00,0.00,,78.005,USD,,SMCTFEX_IFSC,1000.00000,20260514F057918001,
20260518,XOB8083,F,COMEX,SIL,Sep 26 ,,,,20260514,B,1,88.465,,-10460.00,0.00,,78.005,USD,,SMCTFEX_IFSC,1000.00000,20260514F057914001,
20260518,XOB8083,F,COMEX,SIL,Sep 26 ,,,,20260514,B,1,88.570,,-10565.00,0.00,,78.005,USD,,SMCTFEX_IFSC,1000.00000,20260514F057909001,
20260518,XOB8083,F,COMEX,SIL,Sep 26 ,,,,20260514,B,1,88.615,,-10610.00,0.00,,78.005,USD,,SMCTFEX_IFSC,1000.00000,20260514F057915001,
20260518,XOB8083,F,COMEX,SIL,Sep 26 ,,,,20260514,B,1,88.635,,-10630.00,0.00,,78.005,USD,,SMCTFEX_IFSC,1000.00000,20260514F057911001,
20260518,XOB8083,F,COMEX,SIL,Sep 26 ,,,,20260514,B,1,88.660,,-10655.00,0.00,,78.005,USD,,SMCTFEX_IFSC,1000.00000,20260514F057910001,
20260518,XOB8083,F,COMEX,SIL,Sep 26 ,,,,20260513,B,1,90.185,,-12180.00,0.00,,78.005,USD,,SMCTFEX_IFSC,1000.00000,20260513F052802001,
20260518,XOB8083,F,TFEX,GO,Jun 26 ,,,,20260518,S,2,4570.70,,-1500.00,0.00,,4573.2,THB,,SMCTFEX_IFSC,300.00000,20260518F054355001,
20260518,XOB8083,F,TFEX,GO,Jun 26 ,,,,20260518,S,1,4572.40,,-240.00,0.00,,4573.2,THB,,SMCTFEX_IFSC,300.00000,20260518F054348001,
20260518,XOB8083,F,TFEX,GO,Jun 26 ,,,,20260518,S,1,4573.50,,90.00,0.00,,4573.2,THB,,SMCTFEX_IFSC,300.00000,20260518F054346001,
20260518,XOB8083,F,TFEX,GO,Jun 26 ,,,,20260518,S,2,4574.20,,600.00,0.00,,4573.2,THB,,SMCTFEX_IFSC,300.00000,20260518F054354001,
20260518,XOB8083,F,TFEX,GO,Jun 26 ,,,,20260518,S,1,4574.70,,450.00,0.00,,4573.2,THB,,SMCTFEX_IFSC,300.00000,20260518F054345001,
20260518,XOB8083,F,TFEX,GO,Jun 26 ,,,,20260518,S,2,4578.70,,3300.00,0.00,,4573.2,THB,,SMCTFEX_IFSC,300.00000,20260518F054353001,
20260518,XOB8083,F,TFEX,GO,Jun 26 ,,,,20260518,S,1,4579.90,,2010.00,0.00,,4573.2,THB,,SMCTFEX_IFSC,300.00000,20260518F054356001,
20260518,XOB8083,F,TFEX,GO,Jun 26 ,,,,20260518,S,1,4579.90,,2010.00,0.00,,4573.2,THB,,SMCTFEX_IFSC,300.00000,20260518F054357001,
20260518,XOB8083,F,TFEX,GO,Jun 26 ,,,,20260518,S,1,4581.10,,2370.00,0.00,,4573.2,THB,,SMCTFEX_IFSC,300.00000,20260518F054349001,
20260518,XOB8083,F,TFEX,GO,Jun 26 ,,,,20260518,S,1,4581.10,,2370.00,0.00,,4573.2,THB,,SMCTFEX_IFSC,300.00000,20260518F054350001,
20260518,XOB8083,F,TFEX,GO,Jun 26 ,,,,20260518,S,1,4581.60,,2520.00,0.00,,4573.2,THB,,SMCTFEX_IFSC,300.00000,20260518F054351001,
20260518,XOB8083,F,TFEX,GO,Jun 26 ,,,,20260518,S,1,4581.60,,2520.00,0.00,,4573.2,THB,,SMCTFEX_IFSC,300.00000,20260518F054352001,
20260518,XOB8083,F,TFEX,GO,Jun 26 ,,,,20260518,S,1,4592.50,,5790.00,0.00,,4573.2,THB,,SMCTFEX_IFSC,300.00000,20260518F054344001,
20260518,XOB8083,F,TFEX,GO,Jun 26 ,,,,20260518,S,1,4600.10,,8070.00,0.00,,4573.2,THB,,SMCTFEX_IFSC,300.00000,20260518F054317001,
20260518,XOB8083,F,TFEX,GO,Jun 26 ,,,,20260514,S,1,4715.10,,42570.00,0.00,,4573.2,THB,,SMCTFEX_IFSC,300.00000,20260514F058177001,
20260518,XOB8083,F,TFEX,SVF,Jun 26 ,,,,20260515,S,11,77.45,,37620.00,0.00,,76.31,THB,,SMCTFEX_IFSC,3000.00000,20260515F055927001,
20260518,XOB8083,F,TFEX,SVF,Jun 26 ,,,,20260515,S,6,77.71,,25200.00,0.00,,76.31,THB,,SMCTFEX_IFSC,3000.00000,20260515F055936001,
20260518,XOB8083,F,TFEX,SVF,Jun 26 ,,,,20260515,S,4,77.71,,16800.00,0.00,,76.31,THB,,SMCTFEX_IFSC,3000.00000,20260515F055938001,
20260518,XOB8083,F,TFEX,SVF,Jun 26 ,,,,20260515,S,2,77.71,,8400.00,0.00,,76.31,THB,,SMCTFEX_IFSC,3000.00000,20260515F055940001,
20260518,XOB8083,F,TFEX,SVF,Jun 26 ,,,,20260515,S,9,77.72,,38070.00,0.00,,76.31,THB,,SMCTFEX_IFSC,3000.00000,20260515F055939001,
20260518,XOB8083,F,TFEX,SVF,Jun 26 ,,,,20260515,S,1,77.74,,4290.00,0.00,,76.31,THB,,SMCTFEX_IFSC,3000.00000,20260515F055937001,
20260518,XOB8083,F,TFEX,SVF,Jun 26 ,,,,20260514,S,9,84.92,,232470.00,0.00,,76.31,THB,,SMCTFEX_IFSC,3000.00000,20260514F058253001,
20260518,XOB8083,F,TFEX,SVF,Jun 26 ,,,,20260514,S,1,84.92,,25830.00,0.00,,76.31,THB,,SMCTFEX_IFSC,3000.00000,20260514F058254001,
20260518,XOB8083,F,TFEX,SVF,Jun 26 ,,,,20260514,S,1,84.92,,25830.00,0.00,,76.31,THB,,SMCTFEX_IFSC,3000.00000,20260514F058255001,
20260518,XOB8083,F,TFEX,SVF,Jun 26 ,,,,20260514,S,6,84.95,,155520.00,0.00,,76.31,THB,,SMCTFEX_IFSC,3000.00000,20260514F058256001,
20260518,XOB8083,F,TFEX,SVF,Jun 26 ,,,,20260514,S,5,84.95,,129600.00,0.00,,76.31,THB,,SMCTFEX_IFSC,3000.00000,20260514F058257001,
20260518,XOB8083,F,TFEX,SVF,Jun 26 ,,,,20260514,S,1,85.03,,26160.00,0.00,,76.31,THB,,SMCTFEX_IFSC,3000.00000,20260514F058252001,
20260518,XOB8083,F,TFEX,SVF,Jun 26 ,,,,20260514,S,9,85.10,,237330.00,0.00,,76.31,THB,,SMCTFEX_IFSC,3000.00000,20260514F058258001,
20260518,XOB8083,F,TFEX,SVF,Jun 26 ,,,,20260514,S,2,85.10,,52740.00,0.00,,76.31,THB,,SMCTFEX_IFSC,3000.00000,20260514F058259001,
20260518,XOB8083,F,TFEX,SVF,Jun 26 ,,,,20260514,S,1,85.91,,28800.00,0.00,,76.31,THB,,SMCTFEX_IFSC,3000.00000,20260514F058230001,
20260518,XOB8083,F,TFEX,SVF,Jun 26 ,,,,20260514,S,3,85.91,,86400.00,0.00,,76.31,THB,,SMCTFEX_IFSC,3000.00000,20260514F058231001,
20260518,XOB8083,F,TFEX,SVF,Jun 26 ,,,,20260514,S,1,85.94,,28890.00,0.00,,76.31,THB,,SMCTFEX_IFSC,3000.00000,20260514F058232001,
20260518,XOB8083,F,TFEX,SVF,Jun 26 ,,,,20260514,S,1,87.84,,34590.00,0.00,,76.31,THB,,SMCTFEX_IFSC,3000.00000,20260514F058196001,
20260518,XOB8083,F,TFEX,SVF,Jun 26 ,,,,20260514,S,2,87.84,,69180.00,0.00,,76.31,THB,,SMCTFEX_IFSC,3000.00000,20260514F058197001,
20260518,XOB8083,F,TFEX,SVF,Jun 26 ,,,,20260514,S,1,87.84,,34590.00,0.00,,76.31,THB,,SMCTFEX_IFSC,3000.00000,20260514F058198001,
20260518,XOB8083,F,TFEX,SVF,Jun 26 ,,,,20260514,S,1,87.84,,34590.00,0.00,,76.31,THB,,SMCTFEX_IFSC,3000.00000,20260514F058199001,
20260518,XOB8083,F,TFEX,SVF,Jun 26 ,,,,20260514,S,1,87.86,,34650.00,0.00,,76.31,THB,,SMCTFEX_IFSC,3000.00000,20260514F058201001,
20260518,XOB8083,F,TFEX,SVF,Jun 26 ,,,,20260514,S,1,88.04,,35190.00,0.00,,76.31,THB,,SMCTFEX_IFSC,3000.00000,20260514F058202001,
20260518,XOB8083,F,TFEX,SVF,Jun 26 ,,,,20260514,S,2,88.04,,70380.00,0.00,,76.31,THB,,SMCTFEX_IFSC,3000.00000,20260514F058203001,
20260518,XOB8083,F,TFEX,SVF,Jun 26 ,,,,20260514,S,1,88.04,,35190.00,0.00,,76.31,THB,,SMCTFEX_IFSC,3000.00000,20260514F058204001,
20260518,XOB8083,F,TFEX,SVF,Jun 26 ,,,,20260514,S,1,88.04,,35190.00,0.00,,76.31,THB,,SMCTFEX_IFSC,3000.00000,20260514F058205001,
20260518,XOB8083,F,TFEX,SVF,Jun 26 ,,,,20260514,S,1,88.04,,35190.00,0.00,,76.31,THB,,SMCTFEX_IFSC,3000.00000,20260514F058206001,
20260518,XOB8083,F,TFEX,SVF,Jun 26 ,,,,20260514,S,1,88.04,,35190.00,0.00,,76.31,THB,,SMCTFEX_IFSC,3000.00000,20260514F058207001,
20260518,XOB8083,F,TFEX,SVF,Jun 26 ,,,,20260514,S,1,88.04,,35190.00,0.00,,76.31,THB,,SMCTFEX_IFSC,3000.00000,20260514F058208001,
20260518,XOB8083,F,TFEX,SVF,Jun 26 ,,,,20260514,S,2,88.04,,70380.00,0.00,,76.31,THB,,SMCTFEX_IFSC,3000.00000,20260514F058209001,
20260518,XOB8083,F,TFEX,SVF,Sep 26 ,,,,20260514,S,2,86.82,,54660.00,0.00,,77.71,THB,,SMCTFEX_IFSC,3000.00000,20260514F058237001,
20260518,XOB8083,F,TFEX,SVF,Sep 26 ,,,,20260514,S,1,86.82,,27330.00,0.00,,77.71,THB,,SMCTFEX_IFSC,3000.00000,20260514F058238001,
20260518,XOB8083,F,TFEX,SVF,Sep 26 ,,,,20260514,S,2,86.91,,55200.00,0.00,,77.71,THB,,SMCTFEX_IFSC,3000.00000,20260514F058234001,
20260518,XOB8083,F,TFEX,SVF,Sep 26 ,,,,20260514,S,2,86.94,,55380.00,0.00,,77.71,THB,,SMCTFEX_IFSC,3000.00000,20260514F058233001,
20260518,XOB8083,F,TFEX,SVF,Sep 26 ,,,,20260514,S,2,86.95,,55440.00,0.00,,77.71,THB,,SMCTFEX_IFSC,3000.00000,20260514F058235001,
20260518,XOB8083,F,TFEX,SVF,Sep 26 ,,,,20260514,S,2,86.95,,55440.00,0.00,,77.71,THB,,SMCTFEX_IFSC,3000.00000,20260514F058239001,
20260518,XOB8083,F,TFEX,SVF,Sep 26 ,,,,20260514,S,1,86.96,,27750.00,0.00,,77.71,THB,,SMCTFEX_IFSC,3000.00000,20260514F058240001,
20260518,XOB8083,F,TFEX,SVF,Sep 26 ,,,,20260514,S,2,86.96,,55500.00,0.00,,77.71,THB,,SMCTFEX_IFSC,3000.00000,20260514F058241001,
20260518,XOB8083,F,TFEX,SVF,Sep 26 ,,,,20260514,S,2,86.96,,55500.00,0.00,,77.71,THB,,SMCTFEX_IFSC,3000.00000,20260514F058242001,
20260518,XOB8083,F,TFEX,SVF,Sep 26 ,,,,20260514,S,2,86.96,,55500.00,0.00,,77.71,THB,,SMCTFEX_IFSC,3000.00000,20260514F058243001,
20260518,XOB8083,F,TFEX,SVF,Sep 26 ,,,,20260514,S,2,86.96,,55500.00,0.00,,77.71,THB,,SMCTFEX_IFSC,3000.00000,20260514F058244001,
20260518,XOB8083,F,TFEX,SVF,Sep 26 ,,,,20260514,S,2,86.97,,55560.00,0.00,,77.71,THB,,SMCTFEX_IFSC,3000.00000,20260514F058246001,
20260518,XOB8083,F,TFEX,SVF,Sep 26 ,,,,20260514,S,2,86.97,,55560.00,0.00,,77.71,THB,,SMCTFEX_IFSC,3000.00000,20260514F058247001,
20260518,XOB8083,F,TFEX,SVF,Sep 26 ,,,,20260514,S,1,86.98,,27810.00,0.00,,77.71,THB,,SMCTFEX_IFSC,3000.00000,20260514F058245001,
20260518,XOB8083,F,TFEX,SVF,Sep 26 ,,,,20260514,S,2,86.98,,55620.00,0.00,,77.71,THB,,SMCTFEX_IFSC,3000.00000,20260514F058248001,
20260518,XOB8083,F,TFEX,SVF,Sep 26 ,,,,20260514,S,2,86.99,,55680.00,0.00,,77.71,THB,,SMCTFEX_IFSC,3000.00000,20260514F058236001,
20260518,XOB8083,F,TFEX,SVF,Sep 26 ,,,,20260514,S,1,86.99,,27840.00,0.00,,77.71,THB,,SMCTFEX_IFSC,3000.00000,20260514F058250001,
20260518,XOB8083,F,TFEX,SVF,Sep 26 ,,,,20260514,S,2,86.99,,55680.00,0.00,,77.71,THB,,SMCTFEX_IFSC,3000.00000,20260514F058251001,
20260518,XOB8083,F,TFEX,SVF,Sep 26 ,,,,20260514,S,1,87.00,,27870.00,0.00,,77.71,THB,,SMCTFEX_IFSC,3000.00000,20260514F058249001,
20260518,XOB8083,F,TFEX,SVF,Sep 26 ,,,,20260514,S,3,88.47,,96840.00,0.00,,77.71,THB,,SMCTFEX_IFSC,3000.00000,20260514F058222001,
20260518,XOB8083,F,TFEX,SVF,Sep 26 ,,,,20260514,S,1,88.70,,32970.00,0.00,,77.71,THB,,SMCTFEX_IFSC,3000.00000,20260514F058218001,
20260518,XOB8083,F,TFEX,SVF,Sep 26 ,,,,20260514,S,1,88.86,,33450.00,0.00,,77.71,THB,,SMCTFEX_IFSC,3000.00000,20260514F058219001,
20260518,XOB8083,F,TFEX,SVF,Sep 26 ,,,,20260514,S,1,89.20,,34470.00,0.00,,77.71,THB,,SMCTFEX_IFSC,3000.00000,20260514F058216001,
20260518,XOB8083,F,TFEX,SVF,Sep 26 ,,,,20260514,S,4,89.42,,140520.00,0.00,,77.71,THB,,SMCTFEX_IFSC,3000.00000,20260514F058212001,
20260518,XOB8083,F,TFEX,SVF,Sep 26 ,,,,20260514,S,1,89.44,,35190.00,0.00,,77.71,THB,,SMCTFEX_IFSC,3000.00000,20260514F058210001,
20260518,XOB8083,F,TFEX,SVF,Sep 26 ,,,,20260514,S,6,89.44,,211140.00,0.00,,77.71,THB,,SMCTFEX_IFSC,3000.00000,20260514F058211001,
20260518,XOB8083,F,TFEX,SVF,Sep 26 ,,,,20260514,S,5,89.45,,176100.00,0.00,,77.71,THB,,SMCTFEX_IFSC,3000.00000,20260514F058186001,
20260518,XOB8083,F,TFEX,SVF,Sep 26 ,,,,20260514,S,6,89.45,,211320.00,0.00,,77.71,THB,,SMCTFEX_IFSC,3000.00000,20260514F058213001,
20260518,XOB8083,F,TFEX,SVF,Sep 26 ,,,,20260514,S,1,89.48,,35310.00,0.00,,77.71,THB,,SMCTFEX_IFSC,3000.00000,20260514F058187001,
20260518,XOB8083,F,TFEX,SVF,Sep 26 ,,,,20260514,S,2,89.48,,70620.00,0.00,,77.71,THB,,SMCTFEX_IFSC,3000.00000,20260514F058214001,
20260518,XOB8083,F,TFEX,SVF,Sep 26 ,,,,20260514,S,3,89.48,,105930.00,0.00,,77.71,THB,,SMCTFEX_IFSC,3000.00000,20260514F058215001,
20260518,XOB8083,F,TFEX,SVF,Sep 26 ,,,,20260514,S,3,89.50,,106110.00,0.00,,77.71,THB,,SMCTFEX_IFSC,3000.00000,20260514F058189001,
20260518,XOB8083,F,TFEX,SVF,Sep 26 ,,,,20260514,S,7,89.53,,248220.00,0.00,,77.71,THB,,SMCTFEX_IFSC,3000.00000,20260514F058191001,
20260518,XOB8083,F,TFEX,SVF,Sep 26 ,,,,20260514,S,10,89.54,,354900.00,0.00,,77.71,THB,,SMCTFEX_IFSC,3000.00000,20260514F058188001,
20260518,XOB8083,F,TFEX,SVF,Sep 26 ,,,,20260514,S,1,89.56,,35550.00,0.00,,77.71,THB,,SMCTFEX_IFSC,3000.00000,20260514F058190001,
20260518,XOB8083,F,TFEX,SVF,Sep 26 ,,,,20260513,S,2,90.44,,76380.00,0.00,,77.71,THB,,SMCTFEX_IFSC,3000.00000,20260513F053040001,
20260518,XOB8083,F,TFEX,SVF,Sep 26 ,,,,20260513,S,2,90.45,,76440.00,0.00,,77.71,THB,,SMCTFEX_IFSC,3000.00000,20260513F053041001,
20260518,XOB8083,F,TFEX,SVF,Sep 26 ,,,,20260513,S,1,90.69,,38940.00,0.00,,77.71,THB,,SMCTFEX_IFSC,3000.00000,20260513F053039001,
20260518,XOB8083,F,TFEX,SVF,Sep 26 ,,,,20260513,S,6,91.08,,240660.00,0.00,,77.71,THB,,SMCTFEX_IFSC,3000.00000,20260513F053038001,
20260518,XOB8098,F,COMEX,GD,Jun 26 ,,,,20260514,S,1,4694.40,,13640.00,0.00,,4558,USD,,SMCTFEX_IFSC,100.00000,20260514F058260001,
20260518,XOB8098,F,COMEX,MGC,Jun 26 ,,,,20260515,S,1,4568.30,,103.00,0.00,,4558,USD,,SMCTFEX_IFSC,10.00000,20260515F056045001,
20260518,XOB8098,F,COMEX,MGC,Jun 26 ,,,,20260515,S,1,4570.70,,127.00,0.00,,4558,USD,,SMCTFEX_IFSC,10.00000,20260515F056043001,
20260518,XOB8098,F,COMEX,MGC,Jun 26 ,,,,20260515,S,1,4570.70,,127.00,0.00,,4558,USD,,SMCTFEX_IFSC,10.00000,20260515F056044001,
20260518,XOB8098,F,COMEX,MGC,Jun 26 ,,,,20260515,S,1,4572.70,,147.00,0.00,,4558,USD,,SMCTFEX_IFSC,10.00000,20260515F056037001,
20260518,XOB8098,F,COMEX,MGC,Jun 26 ,,,,20260515,S,1,4574.90,,169.00,0.00,,4558,USD,,SMCTFEX_IFSC,10.00000,20260515F056031001,
20260518,XOB8098,F,COMEX,MGC,Jun 26 ,,,,20260515,S,1,4576.70,,187.00,0.00,,4558,USD,,SMCTFEX_IFSC,10.00000,20260515F056032001,
20260518,XOB8098,F,COMEX,SIL,Jul 26 ,,,,20260518,B,1,76.855,,589.00,0.00,,77.444,USD,,SMCTFEX_IFSC,1000.00000,20260518F054478001,
20260518,XOB8098,F,COMEX,SIL,Jul 26 ,,,,20260515,B,1,81.610,,-4166.00,0.00,,77.444,USD,,SMCTFEX_IFSC,1000.00000,20260515F056050001,
20260518,XOB8098,F,COMEX,SIL,Jul 26 ,,,,20260515,B,1,81.665,,-4221.00,0.00,,77.444,USD,,SMCTFEX_IFSC,1000.00000,20260515F056052001,
20260518,XOB8098,F,COMEX,SIL,Jul 26 ,,,,20260515,B,1,81.715,,-4271.00,0.00,,77.444,USD,,SMCTFEX_IFSC,1000.00000,20260515F056051001,
20260518,XOB8098,F,COMEX,SIL,Jul 26 ,,,,20260515,B,1,81.995,,-4551.00,0.00,,77.444,USD,,SMCTFEX_IFSC,1000.00000,20260515F056053001,
20260518,XOB8098,F,COMEX,SIL,Jul 26 ,,,,20260514,B,1,86.755,,-9311.00,0.00,,77.444,USD,,SMCTFEX_IFSC,1000.00000,20260514F058617001,
20260518,XOB8098,F,COMEX,SIL,Jul 26 ,,,,20260514,B,1,87.600,,-10156.00,0.00,,77.444,USD,,SMCTFEX_IFSC,1000.00000,20260514F058616001,
20260518,XOB8098,F,COMEX,SIL,Jul 26 ,,,,20260514,B,1,87.660,,-10216.00,0.00,,77.444,USD,,SMCTFEX_IFSC,1000.00000,20260514F058612001,
20260518,XOB8098,F,COMEX,SIL,Jul 26 ,,,,20260514,B,1,87.705,,-10261.00,0.00,,77.444,USD,,SMCTFEX_IFSC,1000.00000,20260514F058613001,
20260518,XOB8098,F,COMEX,SIL,Jul 26 ,,,,20260514,B,1,87.735,,-10291.00,0.00,,77.444,USD,,SMCTFEX_IFSC,1000.00000,20260514F058614001,
20260518,XOB8098,F,COMEX,SIL,Jul 26 ,,,,20260514,B,1,87.895,,-10451.00,0.00,,77.444,USD,,SMCTFEX_IFSC,1000.00000,20260514F058607001,
20260518,XOB8098,F,COMEX,SIL,Jul 26 ,,,,20260514,B,1,87.895,,-10451.00,0.00,,77.444,USD,,SMCTFEX_IFSC,1000.00000,20260514F058609001,
20260518,XOB8098,F,COMEX,SIL,Jul 26 ,,,,20260514,B,1,87.895,,-10451.00,0.00,,77.444,USD,,SMCTFEX_IFSC,1000.00000,20260514F058610001,
20260518,XOB8098,F,COMEX,SIL,Jul 26 ,,,,20260514,B,1,87.900,,-10456.00,0.00,,77.444,USD,,SMCTFEX_IFSC,1000.00000,20260514F058608001,
20260518,XOB8098,F,COMEX,SIL,Jul 26 ,,,,20260514,B,1,87.915,,-10471.00,0.00,,77.444,USD,,SMCTFEX_IFSC,1000.00000,20260514F058611001,
20260518,XOB8098,F,COMEX,SIL,Sep 26 ,,,,20260518,B,1,76.025,,1980.00,0.00,,78.005,USD,,SMCTFEX_IFSC,1000.00000,20260518F054475001,
20260518,XOB8098,F,COMEX,SIL,Sep 26 ,,,,20260518,B,1,76.280,,1725.00,0.00,,78.005,USD,,SMCTFEX_IFSC,1000.00000,20260518F054476001,
20260518,XOB8098,F,COMEX,SIL,Sep 26 ,,,,20260518,B,1,76.320,,1685.00,0.00,,78.005,USD,,SMCTFEX_IFSC,1000.00000,20260518F054477001,
20260518,XOB8098,F,COMEX,SIL,Sep 26 ,,,,20260514,B,1,86.200,,-8195.00,0.00,,78.005,USD,,SMCTFEX_IFSC,1000.00000,20260514F058618001,
20260518,XOB8098,F,COMEX,SIL,Sep 26 ,,,,20260514,B,1,88.330,,-10325.00,0.00,,78.005,USD,,SMCTFEX_IFSC,1000.00000,20260514F058615001,
20260518,XOB8098,F,TFEX,SVF,Jun 26 ,,,,20260518,S,1,77.03,,2160.00,0.00,,76.31,THB,,SMCTFEX_IFSC,3000.00000,20260518F054599001,
20260518,XOB8098,F,TFEX,SVF,Jun 26 ,,,,20260518,S,3,77.11,,7200.00,0.00,,76.31,THB,,SMCTFEX_IFSC,3000.00000,20260518F054602001,
20260518,XOB8098,F,TFEX,SVF,Jun 26 ,,,,20260518,S,1,77.11,,2400.00,0.00,,76.31,THB,,SMCTFEX_IFSC,3000.00000,20260518F054603001,
20260518,XOB8098,F,TFEX,SVF,Jun 26 ,,,,20260518,S,3,77.11,,7200.00,0.00,,76.31,THB,,SMCTFEX_IFSC,3000.00000,20260518F054604001,
20260518,XOB8098,F,TFEX,SVF,Jun 26 ,,,,20260518,S,2,77.14,,4980.00,0.00,,76.31,THB,,SMCTFEX_IFSC,3000.00000,20260518F054601001,
20260518,XOB8098,F,TFEX,SVF,Jun 26 ,,,,20260518,S,1,77.21,,2700.00,0.00,,76.31,THB,,SMCTFEX_IFSC,3000.00000,20260518F054600001,
20260518,XOB8098,F,TFEX,SVF,Jun 26 ,,,,20260515,S,1,81.80,,16470.00,0.00,,76.31,THB,,SMCTFEX_IFSC,3000.00000,20260515F056201001,
20260518,XOB8098,F,TFEX,SVF,Jun 26 ,,,,20260515,S,2,81.88,,33420.00,0.00,,76.31,THB,,SMCTFEX_IFSC,3000.00000,20260515F056184001,
20260518,XOB8098,F,TFEX,SVF,Jun 26 ,,,,20260515,S,3,81.88,,50130.00,0.00,,76.31,THB,,SMCTFEX_IFSC,3000.00000,20260515F056185001,
20260518,XOB8098,F,TFEX,SVF,Jun 26 ,,,,20260515,S,5,81.89,,83700.00,0.00,,76.31,THB,,SMCTFEX_IFSC,3000.00000,20260515F056183001,
20260518,XOB8098,F,TFEX,SVF,Jun 26 ,,,,20260515,S,1,81.94,,16890.00,0.00,,76.31,THB,,SMCTFEX_IFSC,3000.00000,20260515F056191001,
20260518,XOB8098,F,TFEX,SVF,Jun 26 ,,,,20260515,S,1,81.95,,16920.00,0.00,,76.31,THB,,SMCTFEX_IFSC,3000.00000,20260515F056187001,
20260518,XOB8098,F,TFEX,SVF,Jun 26 ,,,,20260515,S,2,81.95,,33840.00,0.00,,76.31,THB,,SMCTFEX_IFSC,3000.00000,20260515F056192001,
20260518,XOB8098,F,TFEX,SVF,Jun 26 ,,,,20260515,S,5,81.95,,84600.00,0.00,,76.31,THB,,SMCTFEX_IFSC,3000.00000,20260515F056193001,
20260518,XOB8098,F,TFEX,SVF,Jun 26 ,,,,20260515,S,1,81.95,,16920.00,0.00,,76.31,THB,,SMCTFEX_IFSC,3000.00000,20260515F056194001,
20260518,XOB8098,F,TFEX,SVF,Jun 26 ,,,,20260515,S,1,81.95,,16920.00,0.00,,76.31,THB,,SMCTFEX_IFSC,3000.00000,20260515F056195001,
20260518,XOB8098,F,TFEX,SVF,Jun 26 ,,,,20260515,S,1,81.97,,16980.00,0.00,,76.31,THB,,SMCTFEX_IFSC,3000.00000,20260515F056186001,
20260518,XOB8098,F,TFEX,SVF,Jun 26 ,,,,20260515,S,5,81.97,,84900.00,0.00,,76.31,THB,,SMCTFEX_IFSC,3000.00000,20260515F056188001,
20260518,XOB8098,F,TFEX,SVF,Jun 26 ,,,,20260515,S,4,81.97,,67920.00,0.00,,76.31,THB,,SMCTFEX_IFSC,3000.00000,20260515F056189001,
20260518,XOB8098,F,TFEX,SVF,Jun 26 ,,,,20260515,S,1,81.97,,16980.00,0.00,,76.31,THB,,SMCTFEX_IFSC,3000.00000,20260515F056190001,
20260518,XOB8098,F,TFEX,SVF,Jun 26 ,,,,20260515,S,6,82.30,,107820.00,0.00,,76.31,THB,,SMCTFEX_IFSC,3000.00000,20260515F056198001,
20260518,XOB8098,F,TFEX,SVF,Jun 26 ,,,,20260515,S,1,82.30,,17970.00,0.00,,76.31,THB,,SMCTFEX_IFSC,3000.00000,20260515F056199001,
20260518,XOB8098,F,TFEX,SVF,Jun 26 ,,,,20260515,S,1,82.30,,17970.00,0.00,,76.31,THB,,SMCTFEX_IFSC,3000.00000,20260515F056200001,
20260518,XOB8098,F,TFEX,SVF,Jun 26 ,,,,20260515,S,1,82.31,,18000.00,0.00,,76.31,THB,,SMCTFEX_IFSC,3000.00000,20260515F056197001,
20260518,XOB8098,F,TFEX,SVF,Jun 26 ,,,,20260514,S,1,86.95,,31920.00,0.00,,76.31,THB,,SMCTFEX_IFSC,3000.00000,20260514F059074001,
20260518,XOB8098,F,TFEX,SVF,Jun 26 ,,,,20260514,S,1,86.95,,31920.00,0.00,,76.31,THB,,SMCTFEX_IFSC,3000.00000,20260514F059075001,
20260518,XOB8098,F,TFEX,SVF,Jun 26 ,,,,20260514,S,2,86.95,,63840.00,0.00,,76.31,THB,,SMCTFEX_IFSC,3000.00000,20260514F059076001,
20260518,XOB8098,F,TFEX,SVF,Jun 26 ,,,,20260514,S,2,86.97,,63960.00,0.00,,76.31,THB,,SMCTFEX_IFSC,3000.00000,20260514F059077001,
20260518,XOB8098,F,TFEX,SVF,Jun 26 ,,,,20260514,S,2,86.97,,63960.00,0.00,,76.31,THB,,SMCTFEX_IFSC,3000.00000,20260514F059078001,
20260518,XOB8098,F,TFEX,SVF,Jun 26 ,,,,20260514,S,3,86.97,,95940.00,0.00,,76.31,THB,,SMCTFEX_IFSC,3000.00000,20260514F059079001,
20260518,XOB8098,F,TFEX,SVF,Jun 26 ,,,,20260514,S,1,87.10,,32370.00,0.00,,76.31,THB,,SMCTFEX_IFSC,3000.00000,20260514F059070001,
20260518,XOB8098,F,TFEX,SVF,Jun 26 ,,,,20260514,S,1,87.12,,32430.00,0.00,,76.31,THB,,SMCTFEX_IFSC,3000.00000,20260514F059071001,
20260518,XOB8098,F,TFEX,SVF,Jun 26 ,,,,20260514,S,1,87.42,,33330.00,0.00,,76.31,THB,,SMCTFEX_IFSC,3000.00000,20260514F059072001,
20260518,XOB8098,F,TFEX,SVF,Jun 26 ,,,,20260514,S,1,87.44,,33390.00,0.00,,76.31,THB,,SMCTFEX_IFSC,3000.00000,20260514F059037001,
20260518,XOB8098,F,TFEX,SVF,Jun 26 ,,,,20260514,S,1,87.47,,33480.00,0.00,,76.31,THB,,SMCTFEX_IFSC,3000.00000,20260514F059036001,
20260518,XOB8098,F,TFEX,SVF,Jun 26 ,,,,20260514,S,1,87.69,,34140.00,0.00,,76.31,THB,,SMCTFEX_IFSC,3000.00000,20260514F059066001,
20260518,XOB8098,F,TFEX,SVF,Jun 26 ,,,,20260514,S,1,87.69,,34140.00,0.00,,76.31,THB,,SMCTFEX_IFSC,3000.00000,20260514F059067001,
20260518,XOB8098,F,TFEX,SVF,Jun 26 ,,,,20260514,S,4,87.69,,136560.00,0.00,,76.31,THB,,SMCTFEX_IFSC,3000.00000,20260514F059068001,
20260518,XOB8098,F,TFEX,SVF,Jun 26 ,,,,20260514,S,8,87.84,,276720.00,0.00,,76.31,THB,,SMCTFEX_IFSC,3000.00000,20260514F059049001,
20260518,XOB8098,F,TFEX,SVF,Jun 26 ,,,,20260514,S,2,87.84,,69180.00,0.00,,76.31,THB,,SMCTFEX_IFSC,3000.00000,20260514F059050001,
20260518,XOB8098,F,TFEX,SVF,Jun 26 ,,,,20260514,S,1,87.84,,34590.00,0.00,,76.31,THB,,SMCTFEX_IFSC,3000.00000,20260514F059051001,
20260518,XOB8098,F,TFEX,SVF,Jun 26 ,,,,20260514,S,11,87.89,,382140.00,0.00,,76.31,THB,,SMCTFEX_IFSC,3000.00000,20260514F059040001,
20260518,XOB8098,F,TFEX,SVF,Jun 26 ,,,,20260514,S,2,87.91,,69600.00,0.00,,76.31,THB,,SMCTFEX_IFSC,3000.00000,20260514F059041001,
20260518,XOB8098,F,TFEX,SVF,Jun 26 ,,,,20260514,S,7,87.93,,244020.00,0.00,,76.31,THB,,SMCTFEX_IFSC,3000.00000,20260514F059042001,
20260518,XOB8098,F,TFEX,SVF,Jun 26 ,,,,20260514,S,2,87.93,,69720.00,0.00,,76.31,THB,,SMCTFEX_IFSC,3000.00000,20260514F059043001,
20260518,XOB8098,F,TFEX,SVF,Jun 26 ,,,,20260514,S,2,87.95,,69840.00,0.00,,76.31,THB,,SMCTFEX_IFSC,3000.00000,20260514F059044001,
20260518,XOB8098,F,TFEX,SVF,Jun 26 ,,,,20260514,S,9,87.96,,314550.00,0.00,,76.31,THB,,SMCTFEX_IFSC,3000.00000,20260514F059045001,
20260518,XOB8098,F,TFEX,SVF,Jun 26 ,,,,20260514,S,1,88.08,,35310.00,0.00,,76.31,THB,,SMCTFEX_IFSC,3000.00000,20260514F059060001,
20260518,XOB8098,F,TFEX,SVF,Jun 26 ,,,,20260514,S,2,88.08,,70620.00,0.00,,76.31,THB,,SMCTFEX_IFSC,3000.00000,20260514F059061001,
20260518,XOB8098,F,TFEX,SVF,Jun 26 ,,,,20260514,S,4,88.11,,141600.00,0.00,,76.31,THB,,SMCTFEX_IFSC,3000.00000,20260514F059025001,
20260518,XOB8098,F,TFEX,SVF,Jun 26 ,,,,20260514,S,2,88.11,,70800.00,0.00,,76.31,THB,,SMCTFEX_IFSC,3000.00000,20260514F059026001,
20260518,XOB8098,F,TFEX,SVF,Jun 26 ,,,,20260514,S,2,88.11,,70800.00,0.00,,76.31,THB,,SMCTFEX_IFSC,3000.00000,20260514F059028001,
20260518,XOB8098,F,TFEX,SVF,Jun 26 ,,,,20260514,S,1,88.11,,35400.00,0.00,,76.31,THB,,SMCTFEX_IFSC,3000.00000,20260514F059029001,
20260518,XOB8098,F,TFEX,SVF,Jun 26 ,,,,20260514,S,1,88.11,,35400.00,0.00,,76.31,THB,,SMCTFEX_IFSC,3000.00000,20260514F059030001,
20260518,XOB8098,F,TFEX,SVF,Jun 26 ,,,,20260514,S,2,88.11,,70800.00,0.00,,76.31,THB,,SMCTFEX_IFSC,3000.00000,20260514F059031001,
20260518,XOB8098,F,TFEX,SVF,Jun 26 ,,,,20260514,S,5,88.12,,177150.00,0.00,,76.31,THB,,SMCTFEX_IFSC,3000.00000,20260514F059024001,
20260518,XOB8098,F,TFEX,SVF,Jun 26 ,,,,20260514,S,5,88.12,,177150.00,0.00,,76.31,THB,,SMCTFEX_IFSC,3000.00000,20260514F059027001,
20260518,XOB8098,F,TFEX,SVF,Jun 26 ,,,,20260514,S,1,88.12,,35430.00,0.00,,76.31,THB,,SMCTFEX_IFSC,3000.00000,20260514F059032001,
20260518,XOB8098,F,TFEX,SVF,Jun 26 ,,,,20260514,S,2,88.12,,70860.00,0.00,,76.31,THB,,SMCTFEX_IFSC,3000.00000,20260514F059033001,
20260518,XOB8098,F,TFEX,SVF,Jun 26 ,,,,20260514,S,4,88.12,,141720.00,0.00,,76.31,THB,,SMCTFEX_IFSC,3000.00000,20260514F059034001,
20260518,XOB8098,F,TFEX,SVF,Jun 26 ,,,,20260514,S,4,88.12,,141720.00,0.00,,76.31,THB,,SMCTFEX_IFSC,3000.00000,20260514F059035001,
20260518,XOB8098,F,TFEX,SVF,Jun 26 ,,,,20260514,S,1,88.16,,35550.00,0.00,,76.31,THB,,SMCTFEX_IFSC,3000.00000,20260514F059056001,
20260518,XOB8098,F,TFEX,SVF,Jun 26 ,,,,20260514,S,3,88.16,,106650.00,0.00,,76.31,THB,,SMCTFEX_IFSC,3000.00000,20260514F059057001,
20260518,XOB8098,F,TFEX,SVF,Jun 26 ,,,,20260514,S,1,88.17,,35580.00,0.00,,76.31,THB,,SMCTFEX_IFSC,3000.00000,20260514F059055001,
20260518,XOB8098,F,TFEX,SVF,Sep 26 ,,,,20260518,S,1,76.76,,-2850.00,0.00,,77.71,THB,,SMCTFEX_IFSC,3000.00000,20260518F054587001,
20260518,XOB8098,F,TFEX,SVF,Sep 26 ,,,,20260518,S,10,77.12,,-17700.00,0.00,,77.71,THB,,SMCTFEX_IFSC,3000.00000,20260518F054575001,
20260518,XOB8098,F,TFEX,SVF,Sep 26 ,,,,20260518,S,2,77.39,,-1920.00,0.00,,77.71,THB,,SMCTFEX_IFSC,3000.00000,20260518F054589001,
20260518,XOB8098,F,TFEX,SVF,Sep 26 ,,,,20260518,S,1,77.39,,-960.00,0.00,,77.71,THB,,SMCTFEX_IFSC,3000.00000,20260518F054590001,
20260518,XOB8098,F,TFEX,SVF,Sep 26 ,,,,20260518,S,1,77.39,,-960.00,0.00,,77.71,THB,,SMCTFEX_IFSC,3000.00000,20260518F054591001,
20260518,XOB8098,F,TFEX,SVF,Sep 26 ,,,,20260518,S,1,77.39,,-960.00,0.00,,77.71,THB,,SMCTFEX_IFSC,3000.00000,20260518F054592001,
20260518,XOB8098,F,TFEX,SVF,Sep 26 ,,,,20260518,S,1,77.39,,-960.00,0.00,,77.71,THB,,SMCTFEX_IFSC,3000.00000,20260518F054593001,
20260518,XOB8098,F,TFEX,SVF,Sep 26 ,,,,20260518,S,1,77.39,,-960.00,0.00,,77.71,THB,,SMCTFEX_IFSC,3000.00000,20260518F054594001,
20260518,XOB8098,F,TFEX,SVF,Sep 26 ,,,,20260518,S,4,77.39,,-3840.00,0.00,,77.71,THB,,SMCTFEX_IFSC,3000.00000,20260518F054595001,
20260518,XOB8098,F,TFEX,SVF,Sep 26 ,,,,20260518,S,1,77.42,,-870.00,0.00,,77.71,THB,,SMCTFEX_IFSC,3000.00000,20260518F054583001,
20260518,XOB8098,F,TFEX,SVF,Sep 26 ,,,,20260518,S,1,77.42,,-870.00,0.00,,77.71,THB,,SMCTFEX_IFSC,3000.00000,20260518F054584001,
20260518,XOB8098,F,TFEX,SVF,Sep 26 ,,,,20260518,S,1,77.42,,-870.00,0.00,,77.71,THB,,SMCTFEX_IFSC,3000.00000,20260518F054585001,
20260518,XOB8098,F,TFEX,SVF,Sep 26 ,,,,20260518,S,2,77.42,,-1740.00,0.00,,77.71,THB,,SMCTFEX_IFSC,3000.00000,20260518F054586001,
20260518,XOB8098,F,TFEX,SVF,Sep 26 ,,,,20260518,S,1,77.43,,-840.00,0.00,,77.71,THB,,SMCTFEX_IFSC,3000.00000,20260518F054578001,
20260518,XOB8098,F,TFEX,SVF,Sep 26 ,,,,20260518,S,1,77.43,,-840.00,0.00,,77.71,THB,,SMCTFEX_IFSC,3000.00000,20260518F054579001,
20260518,XOB8098,F,TFEX,SVF,Sep 26 ,,,,20260518,S,1,77.43,,-840.00,0.00,,77.71,THB,,SMCTFEX_IFSC,3000.00000,20260518F054580001,
20260518,XOB8098,F,TFEX,SVF,Sep 26 ,,,,20260518,S,1,77.43,,-840.00,0.00,,77.71,THB,,SMCTFEX_IFSC,3000.00000,20260518F054581001,
20260518,XOB8098,F,TFEX,SVF,Sep 26 ,,,,20260518,S,1,77.43,,-840.00,0.00,,77.71,THB,,SMCTFEX_IFSC,3000.00000,20260518F054582001,
20260518,XOB8098,F,TFEX,SVF,Sep 26 ,,,,20260518,S,1,77.44,,-810.00,0.00,,77.71,THB,,SMCTFEX_IFSC,3000.00000,20260518F054577001,
20260518,XOB8098,F,TFEX,SVF,Sep 26 ,,,,20260514,S,1,87.12,,28230.00,0.00,,77.71,THB,,SMCTFEX_IFSC,3000.00000,20260514F059085001,
20260518,XOB8098,F,TFEX,SVF,Sep 26 ,,,,20260514,S,1,87.12,,28230.00,0.00,,77.71,THB,,SMCTFEX_IFSC,3000.00000,20260514F059086001,
20260518,XOB8098,F,TFEX,SVF,Sep 26 ,,,,20260514,S,1,87.12,,28230.00,0.00,,77.71,THB,,SMCTFEX_IFSC,3000.00000,20260514F059087001,
20260518,XOB8098,F,TFEX,SVF,Sep 26 ,,,,20260514,S,1,87.12,,28230.00,0.00,,77.71,THB,,SMCTFEX_IFSC,3000.00000,20260514F059088001,
20260518,XOB8098,F,TFEX,SVF,Sep 26 ,,,,20260514,S,1,87.12,,28230.00,0.00,,77.71,THB,,SMCTFEX_IFSC,3000.00000,20260514F059089001,
20260518,XOB8098,F,TFEX,SVF,Sep 26 ,,,,20260514,S,1,87.12,,28230.00,0.00,,77.71,THB,,SMCTFEX_IFSC,3000.00000,20260514F059090001,
20260518,XOB8098,F,TFEX,SVF,Sep 26 ,,,,20260514,S,1,87.12,,28230.00,0.00,,77.71,THB,,SMCTFEX_IFSC,3000.00000,20260514F059091001,
20260518,XOB8098,F,TFEX,SVF,Sep 26 ,,,,20260514,S,1,87.12,,28230.00,0.00,,77.71,THB,,SMCTFEX_IFSC,3000.00000,20260514F059092001,
20260518,XOB8098,F,TFEX,SVF,Sep 26 ,,,,20260514,S,1,87.13,,28260.00,0.00,,77.71,THB,,SMCTFEX_IFSC,3000.00000,20260514F059082001,
20260518,XOB8098,F,TFEX,SVF,Sep 26 ,,,,20260514,S,1,87.13,,28260.00,0.00,,77.71,THB,,SMCTFEX_IFSC,3000.00000,20260514F059083001,
20260518,XOB8098,F,TFEX,SVF,Sep 26 ,,,,20260514,S,1,87.13,,28260.00,0.00,,77.71,THB,,SMCTFEX_IFSC,3000.00000,20260514F059084001,
20260518,XOB8098,F,TFEX,SVF,Sep 26 ,,,,20260514,S,9,89.30,,312930.00,0.00,,77.71,THB,,SMCTFEX_IFSC,3000.00000,20260514F059048001,
20260518,XOB8098,F,TFEX,SVF,Sep 26 ,,,,20260514,S,1,89.31,,34800.00,0.00,,77.71,THB,,SMCTFEX_IFSC,3000.00000,20260514F059047001,
20260518,XOB9000,F,COMEX,GD,Jun 26 ,, ,,,S,1,0.00,,0.00,0.00,0,4558,USD,,,100.00000,SPS02302001,0.00
20260518,XOB9000,F,COMEX,MGC,Jun 26 ,, ,,,B,12,0.00,,0.00,0.00,0,4558,USD,,,10.00000,SPB02371001,0.00
20260518,XOB9000,F,COMEX,SIL,Jul 26 ,, ,,,B,23,0.000,,0.00,0.00,0,77.444,USD,,,1000.00000,SPB02372001,0.00
20260518,XOB9000,F,COMEX,SIL,Sep 26 ,, ,,,B,14,0.000,,0.00,0.00,0,78.005,USD,,,1000.00000,SPB02341001,0.00
20260518,XOB9000,F,TFEX,GO,Jun 26 ,, ,,,S,18,0.00,,0.00,0.00,0,4573.2,THB,,,300.00000,SPS02303001,0.00
20260518,XOB9000,F,TFEX,SVF,Jun 26 ,, ,,,S,248,0.00,,0.00,0.00,0,76.31,THB,,,3000.00000,SPS02304001,0.00
20260518,XOB9000,F,TFEX,SVF,Sep 26 ,, ,,,S,153,0.00,,0.00,0.00,0,77.71,THB,,,3000.00000,SPS02476001,0.00
